Protein,0mo_NPX,3mo_NPX,6mo_NPX,12mo_NPX,18mo_NPX,24mo_NPX,30mo_NPX,36mo_NPX,48mo_NPX,54mo_NPX,60mo_NPX
O00391,-0.12149994957371366,-0.12257946424195348,-0.12215266660816473,-0.12089691995617913,-0.1282256015494167,-0.12238586927395295,-0.13008919330001745,-0.1214938160985933,-0.12294133037577468,-0.14097679126267398,-0.12299503115761418
O00533,-0.09693510067542413,-0.09990926194369953,-0.09954820618865409,-0.0993640150020603,-0.10337462570352868,-0.09950578039282121,-0.11147617629400845,-0.09935871505253265,-0.1011358008715255,-0.0939599572923373,-0.10164429316292185
O00584,-0.12082256631418606,-0.12192703382572195,-0.12146438883496925,-0.12022136369071468,-0.12756009060646253,-0.12168936312238125,-0.12982489067065361,-0.12081268933141183,-0.12213758345628338,-0.1397793654046792,-0.1221918175276741
O14498,-0.12079990126427334,-0.12207899779279578,-0.12149507768669476,-0.12016257352874998,-0.12758941480054892,-0.1217035216543602,-0.12952599203431378,-0.12075084526322954,-0.12217922262660075,-0.1397572270439665,-0.12230408239551128
O14773,-0.12123529476798363,-0.1223076453819185,-0.12190678814884015,-0.12059297505464256,-0.1279214488590395,-0.12210393594751895,-0.12979048197286536,-0.12121483859559767,-0.12266924419012463,-0.14098256139302778,-0.1227335510559473
O14791,-0.12192211828978652,-0.12298359390097542,-0.12260038938142598,-0.12128683998675206,-0.12866246189011007,-0.12280556589280332,-0.13058041679587437,-0.12189114632635442,-0.12335516512385541,-0.14139965835183307,-0.12339313528562572
O15240,-0.11628859733572289,-0.11728228711033144,-0.11699322486613617,-0.11574623675300198,-0.12283342257038012,-0.11720307501316772,-0.12682123331512543,-0.11729765839099303,-0.11828841245411609,-0.13492458524191894,-0.11801808037743211
O15394,-0.11956064931229651,-0.12081134658194007,-0.12025115145547004,-0.11924222568797128,-0.12701303816352533,-0.12046788805590534,-0.12839264501477093,-0.11975439934564457,-0.12112991026351838,-0.13916029093342222,-0.12109773757969806
O43505,-0.11306885040003142,-0.11543779792072412,-0.11418594096718104,-0.11269200176429017,-0.11983343910410735,-0.11415707350800824,-0.12622663902955614,-0.11330926493260966,-0.11443460289773197,-0.13127930508892582,-0.11512141500591559
O60888,-0.11545660989981442,-0.1156025007272756,-0.1161848821828021,-0.11521481425004386,-0.12157281556721772,-0.11640489041919852,-0.12479357857870679,-0.11579533227554321,-0.11682206866989714,-0.1316018670923176,-0.11720987527431398
O75144,-0.11832786239622874,-0.11931252370575611,-0.11904035867995116,-0.11799847771756906,-0.12496093414602212,-0.11925147515271549,-0.12964690011500146,-0.11827934109582214,-0.11966010673121621,-0.13564846180445034,-0.12007871486592218
O94919,-0.12046392990830196,-0.12164747188353663,-0.12116299590205264,-0.11980569154114107,-0.12650481266504857,-0.1212838843136301,-0.1285435272482271,-0.12034878438758705,-0.12181351239933023,-0.13770275383183317,-0.12187257482888308
P00441,-0.1199067345667016,-0.12081877757163538,-0.1205924983846899,-0.11960749346843808,-0.12628577426892534,-0.12086225221710697,-0.12937704845095077,-0.11993042280373706,-0.12140787370820455,-0.137061862300821,-0.12155123071026663
P00450,-0.07564125119721075,-0.0770841866122035,-0.07546458370021934,-0.07518993902913489,-0.07569746721797456,-0.07726787585249689,-0.0622819936348159,-0.07604425962846945,-0.076229711742432,-0.09943354860451718,-0.07501788539592694
P00734,-0.08998488300131247,-0.09048347751000892,-0.09026384377689865,-0.08890592199465609,-0.0967630000636569,-0.09074574446321737,-0.08824744882181533,-0.09014439548811631,-0.09090016971057978,-0.10202864570674378,-0.09081493625628433
P00736,-0.11867967823600908,-0.1191621088107218,-0.11921351733278716,-0.11788825972358966,-0.12502489362635427,-0.1193842651990262,-0.12628827311778276,-0.11836292874567164,-0.11970336556199361,-0.13611719641714415,-0.1198857376844461
P00738,0.014084582355755652,-0.011537481308368229,0.0015960420963513585,0.005999746286013082,0.01376769363398884,0.01700334200285229,0.5882554587644826,0.0094386731921714,0.018527780726873968,-0.02065338030066626,0.0014846159175819686
P00746,-0.11726520603438711,-0.11833674955979967,-0.11783329488042568,-0.11668742173261419,-0.1219584978755952,-0.11805094031745353,-0.12411439546395309,-0.11712878975288432,-0.11829457003900104,-0.13710251291144002,-0.1183598616453807
P00747,-0.10584057068942608,-0.10760582637189772,-0.10630958927959455,-0.1054649858733849,-0.11332664223406934,-0.10649438849519868,-0.10678955993480446,-0.10563897692002455,-0.10739262589886989,-0.12518821198912317,-0.10729201522788971
P00748,-0.11839153036925497,-0.11997673845972334,-0.1191871351857301,-0.11783194096514438,-0.12448890367842062,-0.1192640200025317,-0.12656006343192658,-0.11840887218010585,-0.11963153026626569,-0.13709567620685503,-0.11996691163722285
P00751,-0.09912373987602555,-0.10084781735586017,-0.09980794536156239,-0.09906508837026544,-0.10235469699845401,-0.09982070716825618,-0.09892997276254226,-0.0991131577229853,-0.0999233795955197,-0.12074640743604383,-0.0995269804484075
P01008,-0.004349190437032357,-0.03221531498842164,-0.00510346195633742,-0.004808399334389131,0.004561966399844258,-0.002437529137421881,-0.002154339550618633,-0.0052010282044187015,-0.003185972011220233,-0.0025445684387660488,-0.0014463117336972516
P01009,0.4357651461152345,0.38043697390723935,0.4294282377763621,0.4414572732717416,0.5339798420263301,0.4532244425687602,0.47001185127244066,0.45102667282501263,0.46256488368147,0.8639833381638828,0.4692390297271586
P01011,-0.05726985991950759,-0.07217545068471876,-0.054695500436654755,-0.05549433865136263,-0.05512401265802592,-0.05470013091441718,-0.06371303582916733,-0.052299096136657064,-0.05447098707115078,-0.07665178876385104,-0.05485531517599479
P01019,-0.05024463005234114,-0.04864367957661963,-0.04732492394366707,-0.05317999188232293,-0.05507177240727819,-0.05235064732236121,-0.08073148035446644,-0.04878681454513971,-0.050055974749162166,-0.07899994313014867,-0.05182821270432905
P01023,-0.058884481586664233,-0.053653560796094506,-0.05820532150292103,-0.05876753338890807,-0.05448369644171807,-0.05875832984615024,-0.05483223896533392,-0.05736887690279694,-0.057619741178470164,-0.09131712404784936,-0.058622002016432875
P01024,0.03845126527275465,0.016292964709311235,0.04429114610486672,0.04233008548424891,0.048301982061619154,0.043845509873247535,0.05940669809277684,0.04663187443490093,0.043787056466041994,-0.0012349650622537614,0.05122527127328664
P01031,-0.12155764370386299,-0.12269511682139814,-0.12223036395303123,-0.12093166109801884,-0.128235897854076,-0.12243180040793221,-0.1299345180555095,-0.12152261215561515,-0.12297657715835933,-0.14112003737588616,-0.1230179303823482
P01033,-0.11832181838291869,-0.11983897583837624,-0.11899484464197785,-0.11769459412947858,-0.12472893768008246,-0.11915612441442555,-0.12548863614712166,-0.1181114703178477,-0.11958789766768982,-0.13749677576009076,-0.1198342528987227
P01034,0.8551785031791101,0.9613025399615236,0.821667811187926,0.7986458281111205,1.1731169212458705,0.8734263368251957,0.8788797117357944,0.8410946187417522,0.8913388431531354,1.0720848951820003,0.8196351572118792
P01042,-0.07474112827069779,-0.06966139788651374,-0.0754608117526716,-0.07444762185371374,-0.07897755793349466,-0.07608339550813979,-0.0720408023161915,-0.07574052868130367,-0.0759450492287426,-0.08269630530379544,-0.07252190836984576
P01344,-0.11739112453768961,-0.11914790746499507,-0.11810658441680297,-0.11690124530123287,-0.12423794151382853,-0.11842805266381319,-0.12653881788730692,-0.11745540402872384,-0.11876615239113401,-0.13455144853517487,-0.11912155420098941
P01591,-0.12153638674064247,-0.12243627759042107,-0.12217430039846709,-0.12097910685753077,-0.12821322807288246,-0.12243681552509106,-0.12999282272292403,-0.12153901288243751,-0.1229040877689841,-0.1408208443400324,-0.12304603747360618
P01621,-0.11391372580549812,-0.11600330033702207,-0.115278707594084,-0.11378491394088631,-0.12083356626651763,-0.11524666181381554,-0.12030579092229128,-0.11462474231941935,-0.11577664492948726,-0.13198921109929643,-0.11587318953317192
P01717,-0.11643520676075168,-0.11936009844174535,-0.11719437948662563,-0.11624846462278228,-0.12452517582585644,-0.11763171227803,-0.12322781425107168,-0.11683706103950146,-0.11821389848916583,-0.1332999499002451,-0.11830735019344966
P01780,-0.12151163996787916,-0.12254830739153572,-0.1221790893394676,-0.12090142885267638,-0.12834621931313123,-0.12243148284657364,-0.13003314102558555,-0.12144593044221941,-0.12295664527172201,-0.14134559596282376,-0.12299664208585565
P01833,0.054241717848167996,0.07861486651447033,0.045390740434292816,0.05532075396459227,0.0571708840599903,0.04845297233996764,0.037165136867282754,0.04731711824739167,0.05611157043091811,0.05292164001732473,0.06093940900642717
P01834,-0.0016043569930104396,0.06502494863392318,0.002184513659971707,-1.7696806058030904e-05,-0.024839344247173743,-0.004700447855441356,0.02456484780785595,-0.0011649281927624718,-0.0009632515840704886,0.032981412697512764,0.001088375657589503
P01857,0.11399815702826065,0.09195647725927597,0.11966969815291303,0.12017717395729384,0.10050317700283413,0.113945180314482,0.14062958117348512,0.1120319532775334,0.11850587492123048,0.1541727517618749,0.12156681359283503
P01859,-0.02432367204070851,0.022621379600044778,-0.02298679048810225,-0.02450487224966348,-0.05551506824933747,-0.029352618504967443,0.08511394756447346,-0.028776578733546686,-0.02594411823233111,-0.008677793032548366,-0.025030060751828908
P01860,-0.09964384312665418,-0.10838792550807001,-0.0986520105497775,-0.09965775357303194,-0.10220359829224368,-0.10100015357700354,-0.08513427646694387,-0.09920759390352545,-0.10118990136440578,-0.10852150995125728,-0.10115589338129401
P01861,-0.11923437317117429,-0.11720137087673933,-0.11943483277418848,-0.11819725590980044,-0.12372283025277707,-0.11985131327443582,-0.12933406099236391,-0.11935259898360358,-0.12035224083581225,-0.13250486289917937,-0.12049888342122682
P01876,-0.005443381391538921,0.04103574566475159,-0.0101191972714139,-0.010199030350639222,-0.04771808644368991,-0.011194695253266891,0.035336999194917576,-0.00956044420363845,-0.008897191890703737,-0.005572286409219562,-0.02042929778158872
P01877,-0.11848975026357228,-0.11698422742555693,-0.11914577267736787,-0.11820294391103024,-0.12455281340613299,-0.11936205001776533,-0.1291192594985907,-0.11903053439173293,-0.11995283639988914,-0.13650649238783485,-0.12023136354083966
P02452,-0.11999385817652089,-0.12081481376965199,-0.12067155649544384,-0.11953175485504776,-0.1267936440361708,-0.1209910974456525,-0.1285429419070154,-0.11991423374421589,-0.12139874514851129,-0.13784365758859107,-0.12147975117938485
P02647,0.3808918673791849,0.3446078488527191,0.40091661147081314,0.40440980257517184,0.5601248437100731,0.382076584413649,0.7731858198224889,0.3823394705750078,0.42100477962914756,0.5832025382341769,0.3847614718701484
P02649,0.3464510492739436,0.547408715387155,0.38756439461349623,0.3237427672237718,0.5392884465546942,0.356685789567181,0.28125054905213426,0.3354600479868771,0.3921479888297604,0.38885290377794135,0.3936624514969209
P02652,-0.09457503510659745,-0.09043828105520972,-0.09601286479372614,-0.09295671272122044,-0.09696556785500868,-0.09550963530285671,-0.10645952114600246,-0.09676599995398912,-0.09751602745971827,-0.10069126066849031,-0.09692569199400308
P02656,-0.11744981040996104,-0.11841515994156318,-0.11804986435238085,-0.11684715033431316,-0.12454679831440403,-0.11837899296237556,-0.12442855979909391,-0.11781806920018385,-0.11893637247601797,-0.13583813083285237,-0.11890104697717771
P02671,-0.09631018618778943,-0.09827139162759457,-0.09565359872634592,-0.0950704937752542,-0.10238897655346847,-0.09681935243780357,-0.0811974119589755,-0.09585201589533295,-0.09423513685185204,-0.09893041063140114,-0.09394206054115205
P02675,-0.09749803128042861,-0.09808299713102737,-0.09670738060422689,-0.09659102007415517,-0.10071940301588102,-0.0972068713874985,-0.0807202418032019,-0.09716070132038951,-0.09657679210923108,-0.10428717401646768,-0.09576529469862952
P02679,-0.11415382563764882,-0.11570104904555246,-0.11450610292011056,-0.1133918711693397,-0.12040248469260936,-0.11481143809114615,-0.11565518475443073,-0.11386143746705357,-0.11461128006092915,-0.13116994197353252,-0.11452864150046327
P02747,-0.11580432778629783,-0.11740347921695024,-0.11657344052639175,-0.11537675249401162,-0.12047273539171012,-0.11694530928227316,-0.12405731298898862,-0.11599290393010181,-0.11709525459541575,-0.1347440406775514,-0.11735774406065826
P02748,-0.11718240492325088,-0.11803422490267605,-0.11769619174899074,-0.11648725691321733,-0.12341592624252713,-0.11781603900437512,-0.12059930441948351,-0.11696094456106718,-0.1181295371802945,-0.13672134609655442,-0.1179952629012954
P02749,-0.06985703222087916,-0.0644884084934692,-0.0701299278326721,-0.06800298911704152,-0.06701264991271445,-0.06923315006583913,-0.06958611541082821,-0.06832952148263009,-0.06880953444236738,-0.06368427538173953,-0.06845828177146429
P02750,-0.11215796800709964,-0.11676785851039427,-0.11277437315323606,-0.11153697435038357,-0.11677104097634598,-0.11276991844770047,-0.11562573038465826,-0.1119456390498103,-0.11275686467211234,-0.12940510587193266,-0.11270846089353308
P02751,-0.04882297707639182,-0.03475807118029953,-0.049379202972045615,-0.050134836000051725,-0.05643996945067103,-0.05140878385594229,-0.020748522617800125,-0.049559051292413725,-0.04947735344577027,-0.07203375184346571,-0.0475789687026016
P02753,-0.10152246935352686,-0.1013360028530107,-0.10162893659603836,-0.10063577378448889,-0.10662078513237262,-0.1020531870419813,-0.11383758322387606,-0.10203374779711843,-0.1027581927116033,-0.12318153048257469,-0.10233475624218179
P02760,-0.10552655800100687,-0.11002575026323265,-0.10666830626600264,-0.10545644915512128,-0.1094630776703169,-0.10644790692153126,-0.10865628329984456,-0.10606347452959534,-0.1063407091409354,-0.12255153902615175,-0.10675596082276033
P02763,0.08925676399815359,0.10264644116001616,0.09811946365067821,0.10663067550602867,0.18354303577592598,0.10579537970070832,0.15020154894008775,0.09657093623196002,0.10885044638897787,0.1801940224673292,0.09748151288638766
P02765,-0.008834250623578609,0.0014742682139110557,-0.01033739727512546,-0.0075998118782166085,0.009669072818181508,-0.013985941979672203,0.03917964718145156,-0.012865245319683383,-0.010978791014458936,-0.0029516301781911,-0.01168580442319915
P02766,0.7269326805099344,0.8238770695877324,0.709882087185805,0.7469067124470378,0.8718075930879247,0.771115124016943,1.2106464277947098,0.7799669629635562,0.736908051806863,1.914775169692051,0.721180993582198
P02768,14.310321638586844,14.312973140835371,14.300194777874328,14.32430242412381,14.23937380933755,14.299050223297016,14.272057928335286,14.316565382301514,14.301959735733519,13.93411734715396,14.287966621622287
P02774,0.0182393737035325,-0.02434694024666726,0.02255589518810622,0.01694938447432072,6.631967835420545e-05,0.01622896274924313,0.03241965859583072,0.015599587265980677,0.01748003291746081,0.05471778484380856,0.017242860237913396
P02787,1.3289692679179934,1.371847635274057,1.4529772398695464,1.3487524246611478,1.4804537792877086,1.3794403670830349,1.5714694816021548,1.344090558875821,1.3645001246398663,1.2978459258808128,1.4441463533917518
P02790,0.10099651136832011,0.060023268384069114,0.10823472881179698,0.09796142587046343,0.11491078939595827,0.10724440041827589,0.19574062693697333,0.11126622937029665,0.11023961670660362,0.07353877356495213,0.11992126241602166
P04004,-0.0700025189189773,-0.07565767350760402,-0.0703505151449582,-0.06919364907596563,-0.07969319961611875,-0.0706715854047881,-0.05473343336879984,-0.07040269802734493,-0.07239099665483202,-0.08293141063602599,-0.07176982127442316
P04075,-0.12106737458240222,-0.12224455258896898,-0.12167562983418607,-0.1204732629093567,-0.1276112437624685,-0.1219270048723687,-0.12968328492472042,-0.12105375047531917,-0.1224720744885924,-0.1406173279650999,-0.12252163224359612
P04156,-0.10609961653853169,-0.11213622423420859,-0.10702217701600444,-0.10641154757057754,-0.10999572921746467,-0.10676132822089604,-0.10881549610942554,-0.10708868859203058,-0.10740448583862884,-0.11018732254722491,-0.10754206976089466
P04180,-0.11882547836204203,-0.11989339382790465,-0.11950590772506924,-0.11833225868525796,-0.12544004938667744,-0.11983255363121732,-0.12776965465633994,-0.11895520641865923,-0.12035956285114628,-0.13882797877465766,-0.12036498162317316
P04196,-0.11268466727844591,-0.11597190884775126,-0.11302088663664148,-0.11198031772982055,-0.11751984278003993,-0.11346888275941804,-0.11492936165192918,-0.11251183745047728,-0.11373000267867818,-0.1330580320213963,-0.11356434466385781
P04207,-0.11839109999059823,-0.1197552074897938,-0.1190304298635897,-0.11784354571392208,-0.12530973483737173,-0.11937604153599274,-0.12533836735125536,-0.11833989422606847,-0.11967681606856552,-0.1373198234853762,-0.11980562165469363
P04211,-0.1207802371698857,-0.12160796143434122,-0.12142224567670315,-0.12018554956356835,-0.12716467668566003,-0.12174815431522892,-0.1293515744014178,-0.12077403562579075,-0.12232152992397119,-0.1403885616833397,-0.12230657572772981
P04216,-0.11560548816884893,-0.1190116164620855,-0.11612071132831887,-0.1152469330629584,-0.12137106869409196,-0.11666293842685625,-0.12728387764338958,-0.11595210563929703,-0.11690367463922853,-0.1346705811323144,-0.11735074734247514
P04217,-0.05524591072554749,-0.0670739919711447,-0.056195923875743556,-0.05561555061786827,-0.05857709323245063,-0.0567616922080474,-0.04739138148226971,-0.05623982956205355,-0.05510231921791585,-0.07096862709027577,-0.0551813478171051
P04275,-0.10195836808435593,-0.10474637606982912,-0.1021486059265409,-0.10139525872481589,-0.10907515649405021,-0.10318662233833317,-0.11384198498978801,-0.10106817274131003,-0.10330264780469968,-0.115281537149854,-0.10470407102981391
P04406,-0.12142709629098596,-0.12253028348274685,-0.12206468951257637,-0.12077945754272297,-0.1281622813902485,-0.1222574686313094,-0.1297311283739995,-0.12140965159719762,-0.12280184790041955,-0.1408156721193552,-0.12286036717410898
P04433,-0.09559503252310285,-0.10200287836601046,-0.09562036739098853,-0.0951970588772456,-0.10437243936912012,-0.09643931382233244,-0.08865138108518168,-0.09587085661115499,-0.09671415177516672,-0.10650973111372847,-0.09654822986769108
P05060,-0.11029339925700461,-0.11164676303067259,-0.11099301124109719,-0.1103102102045489,-0.11734125575141235,-0.11222568884832314,-0.11774700693584018,-0.11079514585722995,-0.11214922844539092,-0.1269678569243294,-0.11316262243910331
P05067,-0.0801723197977697,-0.09177590476130797,-0.08478174773178876,-0.08439464370584356,-0.08578095504623034,-0.08252862084142944,-0.0960231683052659,-0.08422434019497037,-0.08266026691763952,-0.1007831817319035,-0.0857186325240026
P05090,0.12693290687524933,0.13873571919528577,0.1249396818311764,0.13011443282223817,0.15588033042641208,0.13514134246035506,0.09374375011673215,0.14837080946823358,0.13313457152574215,0.2170325059361281,0.1256674674970653
P05155,-0.08201345162318718,-0.08306205561258928,-0.07984367156464157,-0.08141572992744674,-0.07638905350894482,-0.08177503597603993,-0.104417148590157,-0.08019626493264576,-0.08028760810056736,-0.09124742831382911,-0.08143522241733282
P05156,-0.1180592663511692,-0.11899792539891295,-0.11867485218795712,-0.11747712005260795,-0.12465830637344055,-0.1189430430951396,-0.12633696414113638,-0.11797847114624414,-0.11922830908609287,-0.1365557166608469,-0.11949343337897796
P05408,-0.12179369563762578,-0.1229585472285346,-0.12247520488804933,-0.1211658789337335,-0.12854434270295986,-0.12267096739336326,-0.13053424461282293,-0.12179920991338146,-0.12321550055649591,-0.14126695211792617,-0.12329028833707488
P05452,-0.10727246854861767,-0.11060009150234414,-0.10804895843390754,-0.10739918927665203,-0.11344060060962903,-0.108177181418792,-0.11744511135249648,-0.10729702969279363,-0.10870536549360454,-0.12249070926592194,-0.10871537852590511
P05546,-0.117901020329307,-0.12024647974078774,-0.11854721473502015,-0.11731757303303778,-0.1245106082587908,-0.11880615297884395,-0.12582457517533754,-0.11803637727221819,-0.11948261015399934,-0.13883778207755726,-0.11941567363232496
P06310,-0.12143291341989544,-0.12236012703139752,-0.12210950406913733,-0.1208401366304692,-0.12811230488369985,-0.12234663750848608,-0.12983041160896233,-0.12138629376160688,-0.12289226376843651,-0.1411280268986436,-0.12289367972752036
P06396,-0.031229612171492244,-0.03155878180933258,-0.027556815292314962,-0.030680787017788667,-0.018288665566507656,-0.02711181146672903,-0.034105072522736604,-0.028700750667398696,-0.027328257060362165,-0.06398238469120571,-0.026426038269739254
P06454,-0.12097487825641683,-0.12241272258323238,-0.12161328288345377,-0.1202974866922478,-0.12766315315829482,-0.12182872080804821,-0.12964306027665276,-0.12095471576450988,-0.12238878896011536,-0.14030173070351684,-0.12243572408528586
P06681,-0.11849032098309538,-0.11952491515065268,-0.11902325838863186,-0.11782209779883708,-0.12470476536977221,-0.1193226865231423,-0.1264446107313319,-0.11829911919540669,-0.11970702177776578,-0.13717167717019219,-0.11970077667424928
P06727,-0.09836526766393096,-0.09625459095406533,-0.0994514963183001,-0.09692796104252728,-0.09769198097981076,-0.09829008494307105,-0.10604865844268965,-0.09839479146687656,-0.09819947146300001,-0.10440339799441273,-0.09676082430815548
P07195,-0.12171311074267037,-0.1227545002702272,-0.12240694648382482,-0.12111602001847595,-0.12847563533012407,-0.12258870112396845,-0.13042976682581103,-0.12171184272289745,-0.12314435241848976,-0.14124047788534452,-0.12320532774118248
P07225,-0.11641441292239008,-0.11708596500979744,-0.11696140204283777,-0.11589322394896107,-0.12275254968696066,-0.1172650347626819,-0.12522518577456207,-0.1163709975544072,-0.117807713522027,-0.13546144532079546,-0.117787645507786
P07333,-0.12051259076468834,-0.1213493393012544,-0.12120256076705825,-0.11990122968120027,-0.12744678399022172,-0.1214597098047913,-0.12961189202781243,-0.12054176448991938,-0.12187150151488302,-0.13925631643538308,-0.12167782803071191
P07339,-0.10871788591126598,-0.11280442101453615,-0.10948783705794508,-0.10773929024570737,-0.11567854807535174,-0.10880999887567516,-0.11884632455869995,-0.1083659263037644,-0.11000746708176752,-0.12778243940454742,-0.10877601675015881
P07602,-0.0706518293272095,-0.08197082548265437,-0.07170388037585627,-0.07203458401856001,-0.08086547084289773,-0.07071039845972295,-0.0747975252867893,-0.07173061959065438,-0.07158955224081714,-0.06611956753403751,-0.07364450896080742
P07711,-0.12030833866782788,-0.12146549236765063,-0.12102026349699896,-0.11976404792019703,-0.12708372917331093,-0.12128072751849539,-0.12870011304645,-0.12029491389642179,-0.12170737672025092,-0.13983777936823588,-0.12186716018649532
P07858,-0.1204350594530829,-0.12148771699532304,-0.12114584786456183,-0.11991057054889148,-0.12716569412673412,-0.12133682532056123,-0.12811166250223865,-0.1204860331873149,-0.12186664013755555,-0.13986406565183637,-0.12197077653360926
P07998,-0.08586442838549833,-0.09077716334431898,-0.08626880224286022,-0.08769005277655015,-0.08608855061789493,-0.08710696175541661,-0.10005443664385642,-0.0871610262880527,-0.08863911412461319,-0.04913535733942009,-0.08890745295614827
P08133,-0.1195565700711151,-0.12116168289195307,-0.12027779859377889,-0.11910233198608322,-0.1261078414872476,-0.12062640057225925,-0.12789191136317937,-0.11962220962701706,-0.12100319818794414,-0.13809415637722292,-0.12107708403702006
P08253,-0.12119053538768126,-0.12224135421081686,-0.12189012950960712,-0.12058782000875186,-0.12801915305372366,-0.12207298430043818,-0.12976952675748668,-0.1212154735975013,-0.12261217272243603,-0.14089719317809052,-0.12263773689113723
P08294,-0.09540349063070322,-0.10386089915549214,-0.09563130126425985,-0.09379227349889126,-0.1067923321653042,-0.09625338752766273,-0.11705700671549436,-0.09601986108715009,-0.0968535479964145,-0.09388434285646785,-0.09561312208907294
P08493,-0.11943901120541715,-0.12075203079111037,-0.12004426729440172,-0.11874212492312851,-0.1252446783117739,-0.12008883740910528,-0.12675340397551424,-0.11928689838371352,-0.12070316806746402,-0.13856565707710744,-0.12074346801132228
P08571,-0.10596259707270228,-0.10740626944445773,-0.10685609195847476,-0.10541029899588947,-0.11161450533027743,-0.10639507412069267,-0.1139998866350548,-0.10550767341284498,-0.1062639669448789,-0.11840530719603178,-0.10708843717683654
P08603,-0.06777039743995718,-0.06855062211231587,-0.06824514771308482,-0.06693613515503462,-0.06795173061067952,-0.06930654202426138,-0.06478397611008413,-0.06679807366815657,-0.06736861166033886,-0.08196050195308874,-0.06865423796800182
P08637,-0.1206890039116973,-0.12128275654012179,-0.12135965044587911,-0.12015415943737855,-0.12734039547575846,-0.1216424793043263,-0.12978727430302528,-0.1207605842850995,-0.12216057496778378,-0.13925426783980427,-0.12218531370544546
P08697,-0.10995943477542179,-0.11432907238893145,-0.11113264491962113,-0.10961682587552837,-0.11686639187211552,-0.11122054834082863,-0.11801748140294012,-0.11032664005712173,-0.11162171270059675,-0.12454324259332673,-0.11130527026409373
P09104,-0.12173056236330027,-0.12292556065067252,-0.12240965321428661,-0.12112526160554868,-0.12847756249785047,-0.12262392009001634,-0.13046117108422792,-0.12170795688340952,-0.12315134810578436,-0.14136252683222783,-0.12323702912591535
P09486,-0.11595320605533234,-0.11587440843114816,-0.11642363691334032,-0.11545747400400166,-0.12274511167030658,-0.11673021438874333,-0.12415593127633495,-0.1161023894231566,-0.11726421680790104,-0.13246499742247914,-0.11715159333315975
P09871,-0.11000888154065964,-0.11454448452430502,-0.11026915540821554,-0.10935841328234377,-0.11400743220655174,-0.10997114434094415,-0.11513577637682125,-0.10898836773018165,-0.11056828649578385,-0.12944216419289872,-0.11091294912803201
P10451,-0.10702602998733762,-0.10817360683531256,-0.10903806812250462,-0.10684670796317065,-0.10936083603671064,-0.10689851472779302,-0.11649728003522333,-0.10745447760069417,-0.10843380881233565,-0.11655628058037279,-0.10891268116992807
P10643,-0.11754185296714527,-0.11892824904979561,-0.11813322916780325,-0.11669157218127275,-0.122779814122589,-0.11803892003195553,-0.124313645612414,-0.11720387349445663,-0.11850560508828784,-0.1368532292685348,-0.11872482825815399
P10645,-0.10371695609022545,-0.10444467150966759,-0.10563534171889152,-0.10479112751873533,-0.1078675857835517,-0.10620881850313262,-0.10922781045894335,-0.10557650017595292,-0.10490314068530335,-0.11824001838765515,-0.10522654074156369
P10909,0.23678963192741953,0.2845302790671247,0.22722678247697833,0.23398790005675305,0.26854265024135393,0.24172716638543199,0.17724150328257107,0.2359010535545842,0.24569234808584947,0.3265524065335214,0.23883613820883334
P11142,-0.11891116113896695,-0.11974340720572829,-0.11954568267322939,-0.11816461829080359,-0.12525663884156413,-0.1198361432507222,-0.12698061470297536,-0.1188787224164789,-0.12034926267316166,-0.13770065208872753,-0.12028545466419556
P11277,-0.11854776249968531,-0.12033388613061587,-0.11922888682538996,-0.11798421762493365,-0.12581461198453864,-0.11956906473894964,-0.12791621004755924,-0.11838720070488189,-0.11979119859868531,-0.13843305158192182,-0.12019200639996698
P12109,-0.11868212484511213,-0.12042289854366142,-0.11917403124896453,-0.11822927096149852,-0.12546867704408718,-0.11957795410468289,-0.12705350139065558,-0.11877485424795625,-0.120206071271191,-0.138721227135468,-0.12008252579317999
P13473,-0.11639172448233297,-0.11835766203233276,-0.11723780462959624,-0.11605037502771469,-0.12363187748859429,-0.1173485416384508,-0.12584967460649502,-0.11645038442243269,-0.1175490949568588,-0.13084272231415495,-0.11790315146707021
P13521,-0.11964973301621556,-0.1209023682325427,-0.12048958389935069,-0.1192636806776847,-0.12643447241123226,-0.12062114081523899,-0.1280052053253853,-0.1198384056780679,-0.12115834297162337,-0.13924109208474894,-0.1214274368858356
P13591,-0.11392560799884761,-0.11378256888558841,-0.11458180447500874,-0.11387761515495902,-0.12016377162300214,-0.11451349496762811,-0.12586662608798568,-0.11370471062358574,-0.1155000327991494,-0.13339871974722667,-0.11592699934517818
P13611,-0.12099926949898543,-0.12199299240194453,-0.121544160750987,-0.1203254126087334,-0.12832694216307913,-0.12189980515393163,-0.12963685097707908,-0.12097004885076901,-0.12235508756362051,-0.1400535534954879,-0.12244531992798992
P13671,-0.12165935247211733,-0.12278550380807403,-0.12231267668156484,-0.12103828659569911,-0.12832538838876403,-0.12253558769298117,-0.13019612343256987,-0.12162319924836759,-0.12306835368491957,-0.14114969683638137,-0.12311997114546715
P13987,-0.1036556271316381,-0.10515460211317665,-0.10438432040658333,-0.10434401100415419,-0.10963935120212566,-0.1046381835467692,-0.11278607627118753,-0.10460017893408306,-0.1053224314848627,-0.11128092954319124,-0.10568397223102707
P14174,-0.12089962280586042,-0.12205098236935219,-0.12156448152157333,-0.12028166310673705,-0.12752882606020552,-0.12173172580761285,-0.12945211729066822,-0.12090865137733212,-0.12228618490754205,-0.13999635950925116,-0.12227935825356043
P14314,-0.12058706030639331,-0.12230292982438654,-0.12128532875533703,-0.12001008227189937,-0.12697414405302815,-0.12176177416905151,-0.12999925679352298,-0.12059422774243374,-0.12206948583854009,-0.14078158039670377,-0.12209019921245372
P14618,-0.11919852309686961,-0.12056959566580096,-0.11978202622210733,-0.11872103073946327,-0.1258783351399269,-0.12018005514512124,-0.12767706772483892,-0.11922277482151818,-0.12061900801817647,-0.138171614065954,-0.1207864966259632
P16035,-0.11927128983606307,-0.12028531816608366,-0.11983709904361306,-0.1186649077124036,-0.1257061985384512,-0.12019681768024039,-0.12753084949015756,-0.11916132152373811,-0.12069322488564589,-0.13919242344497174,-0.1206348866391059
P16070,-0.11169755640495113,-0.10978099688099348,-0.11213034891908652,-0.11099508139740044,-0.11711928443835427,-0.11250977688738262,-0.12088054916487863,-0.11152581672898051,-0.11264394366992243,-0.12586008611246843,-0.11279590784896952
P16152,-0.11655484734930023,-0.10741447041407856,-0.11368219498487057,-0.11307674363851968,-0.1268768627556119,-0.11653358510013703,-0.12016708846876807,-0.11566921578025045,-0.11568109454613625,-0.13032552440440118,-0.11794671866070532
P16870,-0.1123987929337264,-0.1133772587425505,-0.1130479109697051,-0.11238680229531818,-0.11793520252610412,-0.11335813617600395,-0.12245572577919778,-0.11266581959707228,-0.11402930443114077,-0.129418030384134,-0.11444484918820151
P17174,-0.12095893553400146,-0.12184413113504393,-0.1215450774774796,-0.12031277732241945,-0.12772860770485076,-0.12187520708632837,-0.12992433311842602,-0.12097613137816093,-0.12238145256909679,-0.14078735970708492,-0.1224284244164185
P18065,-0.10920697383043512,-0.11205344000198064,-0.11059846075298548,-0.1096620563330688,-0.11477969237046241,-0.11105983877033478,-0.11408370749656949,-0.10946738711492145,-0.11082628211462128,-0.11690398619553864,-0.11051312635598015
P19021,-0.12151040496825544,-0.12258813540049923,-0.12222768778011918,-0.12088707207345291,-0.12826454292490266,-0.12243080773464841,-0.1298177307769522,-0.12152287732124523,-0.12296256326186436,-0.14076575692849466,-0.1229882219803308
P19652,-0.09061690809284137,-0.07981592959289897,-0.09060300870608137,-0.0902813240830754,-0.09611962406123382,-0.09306516557999654,-0.0862073708035197,-0.0906535367580284,-0.08949144846195742,-0.10597323098855627,-0.08968613238940773
P19823,-0.11702024105220354,-0.11913967004662038,-0.11745013185421446,-0.11617675147294887,-0.12186789835501273,-0.11774198840017215,-0.12124739420907199,-0.11708015279389185,-0.1181292257071291,-0.13713415018467157,-0.11827823326657765
P19827,-0.12071526168778815,-0.12232631625608856,-0.12134470350689402,-0.12011151829383078,-0.12701385659412034,-0.12168097479790259,-0.1289317161743637,-0.12073933381846369,-0.12214291683525377,-0.13988268661259298,-0.12208414981625139
P20774,-0.10506198295315716,-0.10480036578649952,-0.10533917221713598,-0.10407331213965647,-0.11434997899359754,-0.10631391955128346,-0.11746992981987234,-0.10455965976499416,-0.10654333441475673,-0.12091130971695274,-0.10563569247119305
P20933,-0.12044358983874147,-0.12174354168655031,-0.121143546499096,-0.11987749901935307,-0.12706932578989047,-0.12137509028811426,-0.1286314689118721,-0.12040959570542059,-0.12200193449680993,-0.13970548792661774,-0.12202516579890835
P23142,-0.06796851196293004,-0.07003454200426108,-0.06954360484676883,-0.06794238313378868,-0.08137536056650542,-0.06870623344126911,-0.08064297676325818,-0.06953858371525971,-0.06810871982024676,-0.0685649094004958,-0.0682733856792712
P24592,-0.08709369742385002,-0.09048365975377827,-0.08756554051437057,-0.08586934999483782,-0.09789143923242755,-0.08534748364449748,-0.09449781593488621,-0.08447271200181952,-0.0865536814849763,-0.08304101533108661,-0.08574344562766231
P25311,-0.08342055592932669,-0.08893914380852365,-0.0844776523655658,-0.08215863665523417,-0.0816724583354007,-0.0843488825486829,-0.08417792258162846,-0.08387571717183354,-0.08425433865914136,-0.08918540090549887,-0.08402701360822408
P27169,-0.12092411696506432,-0.1222355474687159,-0.12155215823471165,-0.1200538883709229,-0.12739188694957881,-0.12152361491166494,-0.13011255075572892,-0.12082926450930662,-0.12226649021969989,-0.1396790557288982,-0.12215118847480182
P30086,-0.1199852973836746,-0.120701120994142,-0.12080471101849655,-0.11975302329094774,-0.12610333141226637,-0.12084976147033703,-0.1302915003344223,-0.12004608619077003,-0.1215253230510297,-0.1395294053387055,-0.12148198724395884
P31997,-0.09630384745866007,-0.10222612698346616,-0.09732488184011345,-0.09637253196721454,-0.10110354299304597,-0.09733427229993918,-0.10273693834881131,-0.09787597397748056,-0.09722360207636846,-0.11249047062150183,-0.0986187054446772
P35542,-0.11947408706594256,-0.12115577819382607,-0.12018895251786939,-0.11883533551044569,-0.1265924220531835,-0.12036695999923659,-0.12844634655889667,-0.11942621501015321,-0.1208856673829065,-0.1388239347310268,-0.12093418748888976
P36222,-0.10794114599640378,-0.10504707828925923,-0.1088839434809333,-0.10812870137467774,-0.11195772377768999,-0.10845752929073957,-0.11587316582166587,-0.10760636633442004,-0.10783424692844004,-0.1280724074792251,-0.10799829906510322
P36955,-0.028162462537793104,-0.022133134058468968,-0.02238065284103042,-0.02242163000820264,-0.023434827791356302,-0.02366991680123413,-0.05761986795190921,-0.021174233598635888,-0.024587532799699673,-0.027457713210248456,-0.02146966890111991
P36980,-0.12177325171582422,-0.12289542709901968,-0.1224533853651399,-0.12114898283455802,-0.12851301173695548,-0.12266694400856565,-0.13058684524719769,-0.12174497772699269,-0.12319213431881806,-0.14122828898323014,-0.12325437738045372
P39060,-0.1199572853467546,-0.12098230946196878,-0.12058843757280463,-0.11940450823052096,-0.12608746778945598,-0.12079164068480187,-0.12919002959244946,-0.11997755483147805,-0.1212816599896949,-0.13941099264897458,-0.12120245512850542
P40925,-0.12074432628120563,-0.12207437335714848,-0.1213789852580242,-0.12019841123799097,-0.1274137830775351,-0.12166383354145957,-0.12912937887745848,-0.12074245998168158,-0.12211696153678733,-0.14052395500788617,-0.12217772791648747
P41222,1.8067036110008228,1.5929457762513912,1.7956013791767627,1.6977414851904078,1.7982809772058879,1.8118695497971262,1.232688036462289,1.7237240046471651,1.781809475677866,2.958962213115839,1.8754615703791815
P43121,-0.12002880773026658,-0.12073248970294165,-0.12072806886402,-0.11951111816401876,-0.12662508962331775,-0.120962371080388,-0.12823164340244703,-0.11998397928297194,-0.12144806333032916,-0.13925187378530118,-0.12154058415764984
P43251,-0.12004997113290954,-0.12139648120829141,-0.12073036068025154,-0.1194902833833947,-0.1267595560287424,-0.12093576649545994,-0.12882594735877528,-0.12005439006181753,-0.12145359796888335,-0.13980984309550762,-0.12135957352820036
P43652,-0.1055187924730698,-0.10505842296390136,-0.10640830448915115,-0.10503286757100175,-0.1125329635673521,-0.10632744531285165,-0.11273086688810048,-0.10595645461169753,-0.10728279566885959,-0.11841359337862067,-0.10625755885981229
P49588,-0.1216079381279335,-0.12263396834166289,-0.12230521467115343,-0.12099163460949312,-0.12832112284790895,-0.12250658798971766,-0.13039771681896942,-0.12154822622507594,-0.1230593049102756,-0.14105027496587771,-0.12312057969164314
P49908,-0.12110091838847016,-0.12230212339570715,-0.12179274403092652,-0.12050405640855184,-0.12771378639942432,-0.12196366791929077,-0.1296516062583435,-0.12106816478593017,-0.12251612398202039,-0.14024108937542754,-0.12257589167288767
P51884,-0.11003037708335292,-0.10967802915130984,-0.11063111913428497,-0.10987073428863466,-0.11512296057049473,-0.11088971997440217,-0.11632233325387199,-0.10980993924073784,-0.11115888753630601,-0.12289912385148397,-0.11156797178597952
P54289,-0.12026020175067578,-0.12118742938046821,-0.12098794172620847,-0.1196656469138472,-0.1273289349597968,-0.12102231255104556,-0.1287950460255275,-0.12050684403724822,-0.12168137589878339,-0.13950166716130444,-0.12168082147199644
P55290,-0.12041289963028898,-0.1217380515929986,-0.12126740484255948,-0.11997045020362906,-0.1273650329730635,-0.12139443095100362,-0.1291454219093886,-0.12052541260939728,-0.12191432667917629,-0.139327500300154,-0.12196523445958447
P61278,-0.12178665099393875,-0.12292905563055927,-0.12245962483483026,-0.12114234494655568,-0.1285334210078702,-0.12266900345278357,-0.13062821107649167,-0.12181841325483272,-0.12322816649296899,-0.1412090384900185,-0.12328676208728542
P61626,-0.12140862041593325,-0.12262748319713052,-0.12211131603634541,-0.1208196013424472,-0.12810329468426135,-0.12231023556756992,-0.12998705359994156,-0.12132059316171682,-0.12282649740753879,-0.14083982042289997,-0.1228463400765556
P61769,-0.10688629726475912,-0.10907211417915817,-0.1081121504918752,-0.10782135593509251,-0.11361985929862337,-0.10781313848656675,-0.12500959289947064,-0.10724941618009273,-0.10883199131507147,-0.11621512177419115,-0.10915194007934463
P61916,-0.11070768549441846,-0.1109120472745317,-0.11145044343706187,-0.11064243475399083,-0.11745275137229393,-0.1119436002696694,-0.11988518814121586,-0.11100123072412296,-0.11244014438186233,-0.12472189075730586,-0.11281670565387811
P80748,-0.12047285090937182,-0.12204371539904929,-0.12116126271602753,-0.11991822293860571,-0.12726708996580446,-0.12137960906863121,-0.12917855690470023,-0.12047146768577448,-0.12191005230896822,-0.13928428169767143,-0.1219456051787436
P98160,-0.12163744830360158,-0.12302331256367732,-0.12230952233074532,-0.12100698560982706,-0.1286549820812554,-0.1225544430750685,-0.13018610707375533,-0.12167543548188636,-0.12307139749652964,-0.14099863296355522,-0.12313163234243901
Q06481,-0.12091788583059916,-0.12208293425821377,-0.12162986990342957,-0.12039165942902673,-0.1279485366728677,-0.12195735668132773,-0.12957201858447176,-0.12096700409805158,-0.12234420037851651,-0.14035587667909105,-0.12246103970238209
Q08380,-0.11242337597547898,-0.11392248653950808,-0.11325954587483672,-0.1121250646267878,-0.11869300955397459,-0.11362512294782849,-0.12018151127622424,-0.11280254271756857,-0.11379193791964166,-0.12939841411514805,-0.11410424606180265
Q12805,-0.07759400079165144,-0.06890007454004751,-0.07809847737740674,-0.07937701068068681,-0.07877971664102006,-0.07784475546414668,-0.08299698498020996,-0.0761078528594046,-0.07623124514878467,-0.07257397229551456,-0.07773845467131574
Q12841,-0.12093877322953833,-0.1219683803808936,-0.12163356784441151,-0.12032888860948493,-0.12777191487272063,-0.12185353764014292,-0.12936502788382742,-0.12091818803595808,-0.12236808318245941,-0.13996780962416794,-0.12238951208409014
Q12907,-0.1202912778965107,-0.12118534268930915,-0.12101029170908316,-0.11979229926958881,-0.12710170479483013,-0.12117438445258664,-0.12879921833768446,-0.12038450266316277,-0.12175248282649381,-0.14000152206674168,-0.12174271237328568
Q13283,-0.09544804885576383,-0.1011341223175115,-0.09630060709621362,-0.09438682526922984,-0.09901239063192437,-0.09606967240097113,-0.09522354538279389,-0.09565507226463509,-0.09680373624942686,-0.11393398160760658,-0.0989398331699478
Q13332,-0.12116560851080616,-0.1224555088641819,-0.12188276704996327,-0.1206136565516514,-0.12781424688924317,-0.12210050628484652,-0.12973670550506453,-0.1212071441402965,-0.12261529224598475,-0.13976674769865538,-0.12264742650429117
Q13451,0.014164342748121351,0.023384069774781132,0.015279856114669718,0.017581856252857957,0.03672852765310858,0.015369900466685215,0.026016025739889682,0.014031388425582663,0.014232805370930631,0.0030984910100350063,0.01408928787743938
Q13740,-0.12112059885595886,-0.12199115173987408,-0.12172982173882778,-0.12045464248742035,-0.12776058371357035,-0.12192420562780067,-0.12946189951299805,-0.12111627606569107,-0.12247665793601846,-0.14077760520327812,-0.12249197914210043
Q14118,-0.11497432851266241,-0.11574711115825607,-0.11576949049083479,-0.11435003525710057,-0.12150171907358104,-0.11578035308070146,-0.12268798917199827,-0.11477067645653975,-0.11618656757461074,-0.13152327639494682,-0.11607433917001034
Q14508,-0.1217749874984393,-0.12298665149581572,-0.12246734037741229,-0.12117071184821127,-0.12858658367218828,-0.12268094587694106,-0.13047143515944323,-0.12177484654180924,-0.12321852232538964,-0.14110494033773666,-0.12329702538324297
Q14515,-0.10423072061172474,-0.10092982705206838,-0.10516210554016349,-0.10385307895771168,-0.1129617813970613,-0.1050274432031703,-0.11323678900419253,-0.10468375262784678,-0.10505458852210418,-0.12497356845471418,-0.1053292554497365
Q14624,-0.11572014665664267,-0.1186793086169556,-0.11624382483150711,-0.11518910976687438,-0.12194066156141134,-0.11639882146879053,-0.12186715348401443,-0.11572543554585772,-0.11701441532926071,-0.13314289895852388,-0.11721066871658217
Q15904,-0.12028238964164296,-0.12154406221271233,-0.12101246415988598,-0.1196865948885256,-0.12660020336291394,-0.12123988207086576,-0.12951569939444735,-0.1205246752628645,-0.12175905011838863,-0.1398984376069019,-0.12185240696904805
Q16270,-0.0819309779740724,-0.08057369918586284,-0.08301103321589227,-0.08146746904311082,-0.09570710021449595,-0.08305252651385907,-0.09259377121418845,-0.08167209774522975,-0.08355589602497254,-0.06686213511542904,-0.08353774825321275
Q16610,-0.11409191192545175,-0.11413202131332006,-0.11457399797597004,-0.11374829094789346,-0.11985448446226571,-0.11483768983012026,-0.12717176841179612,-0.11401737346565975,-0.11551510330845927,-0.13121620447982327,-0.11522201386803989
Q562R1,-0.12121919299258639,-0.12251563563978521,-0.12190007026251143,-0.12064426139408933,-0.12788271644455654,-0.12211836029011655,-0.12953669207166357,-0.12116107975311877,-0.1226473548144402,-0.14104384894672714,-0.12273324810526309
Q6UXB8,-0.12009310255916243,-0.120761689710886,-0.12074169323405481,-0.11939167957103088,-0.12687372834056704,-0.12107294359313146,-0.12923574239971797,-0.1200546854656335,-0.12137984591521457,-0.13875299727751653,-0.12146437042123455
Q7Z3B1,-0.1184643251766217,-0.12074144698420526,-0.11932411178981059,-0.11822943131974215,-0.12499865409469299,-0.1194353243608696,-0.1281282206344351,-0.11861530362312941,-0.11978659358773243,-0.13567472876167744,-0.12020514147606129
Q7Z5P9,-0.100206914072525,-0.10068817181390818,-0.09936724819870511,-0.09788633736914001,-0.10765345050810578,-0.1004568178540429,-0.1072941708865823,-0.09898331960481412,-0.09984385810044898,-0.1153120245038691,-0.10065460617373437
Q8IWV7,-0.11788380518303686,-0.11759205595728678,-0.11854656061247075,-0.11714373762231864,-0.12357804515401424,-0.11862557582883616,-0.12269871262299653,-0.11712769652616378,-0.11819844462826778,-0.13643794898882772,-0.11902544429860665
Q8NBJ4,-0.12095369380264391,-0.12193347614296854,-0.12168219970738314,-0.12031343290465074,-0.12771174902964516,-0.12183658456820864,-0.12975989906523672,-0.12096693199160832,-0.122354876720247,-0.13995043038290134,-0.12244422353503752
Q8NE71,-0.12119873363328953,-0.12214060529902507,-0.12185693159656977,-0.1206997642120597,-0.12792604102584332,-0.12211517526730553,-0.1303388347709837,-0.12125127328357747,-0.1226745488177259,-0.14025142898518858,-0.12272918712347226
Q92520,-0.09231552376849808,-0.0959988118237804,-0.09290045898586101,-0.09387474008388547,-0.09580473973077444,-0.09340370951128278,-0.10042900819204414,-0.09373252840592465,-0.09376610618372783,-0.09379048915571614,-0.09491068524467489
Q92823,-0.1148848144300866,-0.11634405062476717,-0.11556618729262827,-0.1146115606867791,-0.12166381310875828,-0.11603360238338543,-0.12421273278751781,-0.11507519824856721,-0.11654320434897879,-0.13502450259232024,-0.11673063614432795
Q92876,-0.07221195195794032,-0.07544490390688606,-0.07379945984257409,-0.07326957831542785,-0.07315336700656028,-0.0742332124639911,-0.09351879763785396,-0.07306482139257117,-0.07342987945876878,-0.07192434041213894,-0.07244304501712881
Q96KN2,-0.09304749494700018,-0.09653105475217168,-0.0930051902130254,-0.09275685446905403,-0.0958890704212672,-0.09285341096149746,-0.1117057237035867,-0.09488020712120318,-0.09400160385623461,-0.12212534417707539,-0.0947229519952804
Q96PD5,-0.11744312316768028,-0.11879643213142362,-0.11798996678024602,-0.11678909829191103,-0.123526949213521,-0.11838214975751027,-0.12591335973032738,-0.11733282772719418,-0.11883593915181268,-0.1365058956860566,-0.11886757333094218
Q99435,-0.12194769494487274,-0.12307028382220482,-0.12262744164599991,-0.12133411666264535,-0.12873164937572656,-0.12283838103698223,-0.13063177510206145,-0.1219368287819843,-0.12339500254170842,-0.14147875059275117,-0.123444411852863
Q99674,-0.12103971573666249,-0.12209519015170266,-0.12170845532708578,-0.12042261800288442,-0.12771361724051714,-0.12192578637767437,-0.12979986616317124,-0.12104787728921415,-0.12246953957621565,-0.14009896564134972,-0.12251561410421041
Q99832,-0.12005887576087836,-0.12140908336494208,-0.120836791671121,-0.11955576378561186,-0.12672899796968595,-0.12102795573400243,-0.12882218712683136,-0.12016332196346913,-0.12148763000612302,-0.1393906613041734,-0.12168537054100073
Q99969,-0.1214757244011702,-0.12249269114922386,-0.12213833559479187,-0.12084831254268467,-0.12803823318340152,-0.12234256801848382,-0.13035327958726942,-0.12145457158534026,-0.12290896352199611,-0.1403500611317598,-0.12296429368501863
Q9BY67,-0.1207640348168676,-0.12181432972266071,-0.12150127513975423,-0.12023275855885,-0.12748727267218218,-0.1216826025939035,-0.12918164282356828,-0.12083306754268551,-0.12218089739385157,-0.1396089937601023,-0.12230292348892563
Q9HDC9,-0.1096435040951627,-0.10923312654938029,-0.11020472194978911,-0.10905764724716614,-0.11539125157254913,-0.11084246213963604,-0.10979596605266279,-0.10880675253371433,-0.11009307428330041,-0.1241058626056537,-0.11028745213994319
Q9NQ79,-0.120468902652999,-0.12246740938232055,-0.12114572611182453,-0.11987238877944222,-0.12714123325122925,-0.12131134984268581,-0.1290862509369808,-0.12045935380330516,-0.12182631873832249,-0.14112459405157105,-0.12183201550275558
Q9NYU2,-0.1169472638017106,-0.11830886626308887,-0.11737364248748669,-0.11631326821888296,-0.12166769381309954,-0.11772542816339995,-0.12373144182961389,-0.11699029886152078,-0.11818229594261619,-0.13502845241988085,-0.11795628805533377
Q9UBR2,-0.12135011698678809,-0.12244811432324045,-0.12199099807149792,-0.12073931845941768,-0.12787939545718757,-0.12221514358297955,-0.12987124969461986,-0.12133780566752955,-0.12276083167643294,-0.14078934718300792,-0.12287121088510755
Q9UBX5,-0.12040655388411631,-0.12146231221387542,-0.1210876930276864,-0.1198031093017768,-0.1269302274155662,-0.12129632330966013,-0.1289058159964286,-0.12032745483646505,-0.12180658571532152,-0.1400189278817717,-0.12184220522497555
Q9UHG2,-0.11159543503454977,-0.11416888011567142,-0.11248908977858035,-0.11179472664491794,-0.11597800909368562,-0.1126733797946989,-0.12243722899690823,-0.11216107449418536,-0.11285917162720481,-0.1232912076515355,-0.11370918394335992
Q9UNU6,-0.1211109153361819,-0.12152933236005446,-0.12179572339202754,-0.12052519303998747,-0.12754900572278008,-0.12202515720753301,-0.1300813684586995,-0.12115123606060531,-0.122627547517069,-0.1409813232972328,-0.1226894597095411
Q9Y646,-0.12114011091440796,-0.12233057620419716,-0.12179816083408213,-0.12052564817441423,-0.12758261859268977,-0.12203291511390725,-0.13009012984595617,-0.12110907007339272,-0.12252512555650008,-0.14063527975017806,-0.12258251090490078
Q9Y6R7,-0.12122612583138323,-0.12187235158272802,-0.1218598345637964,-0.12052874921986083,-0.12763270455500186,-0.12200498382819233,-0.12998673985705206,-0.12110719065383911,-0.12247057941739856,-0.13987442941956418,-0.12266869075707863
P01594,-0.12146738347568117,-0.12226538305180587,-0.12216665146179433,-0.12081577396848536,-0.12815149004702261,-0.12236315305143744,-0.12999938322722468,-0.12142513122235758,-0.12288308489384732,-0.14112943579126336,-0.12291142157751114
P02792,-0.12129617931382759,-0.12234323303397862,-0.12197448505808796,-0.12067917704342945,-0.12771725664465258,-0.12219357763827392,-0.1298893343966964,-0.12128076249286042,-0.12274162096997085,-0.1407422367320849,-0.12273709028933752
P32754,-0.1189788849630302,-0.11975740808330872,-0.11946857738088938,-0.1180545488640205,-0.12445272606096233,-0.11984352949269161,-0.12767179028847425,-0.11885426437612473,-0.12020790656691938,-0.13665452516057522,-0.12040023450358585
Q13449,-0.12072170333355281,-0.12223403484543027,-0.12143110736613179,-0.12030169845435244,-0.12722499178659477,-0.1217244877609441,-0.12984557897043975,-0.12086051451141393,-0.12228657305102507,-0.13945737836089567,-0.12238829306824173
Q99683,-0.11739827256581482,-0.11816488457311265,-0.11798155867944654,-0.1167630518683691,-0.12321288580128764,-0.11809229386325683,-0.12547215293860034,-0.1174003216841088,-0.11840967135334865,-0.13709637920368692,-0.11872054126553526
Q99829,-0.12136821628051611,-0.1225570414241819,-0.12205609997632522,-0.1207771653631229,-0.12785972078370358,-0.12217167296145252,-0.1301114690451697,-0.12138529124944401,-0.12279834262933523,-0.14039216846777272,-0.12285828979798862
Q9UKV8,-0.11886563456192867,-0.11841014823790601,-0.11936563902246444,-0.11828143927128526,-0.12564685858886374,-0.11988070534240013,-0.1261932277531926,-0.118887303083228,-0.12036900048805749,-0.13767088705791772,-0.12041043143891732
